System;Country;City;Population1;Type;Dock Stations;Virtual Stations;Docks;Bikes;Operator;Reponsible Entity;Tecnology / Equipament;Old Tecnology / Equipament;Sponsor;Transit Integration;Opening Hours;Fees;Payment Options;Over Time Aditional Fee;Launched;Shut down;Relaunch;Description Re-launch;Open Data;API/Data;Website;Last update LatinoSBP;Source
BAEcobici;Argentina;Buenos Aires;2890151;Dock Based;400;NA;7790;4000;Tembici;Gobierno de la Ciudad de Buenos Aires;PBSC;Serttel;Itaú;Yes;24h;Free;Credit Card;No;December-2010;NA;01/06/2019;New bikes, new stations and new Technology;https://data.buenosaires.gob.ar/dataset/bicicletas-publicas;JSON/GBFS-PBSCShift;http://www.buenosaires.gob.ar/ecobici/sistemaecobici;07/11/2019;https://www.bicivilizados.org/ecobici-un-sistema-de-bicicletas-publicas-en-buenos-aires-con-ya-6-anos-de-historia/
Bicis RGL;Argentina;Río Gallegos;95796;Dock Based;4;NA;32;16;Municipalidad de Río Gallegos;Municipalidad de Río Gallegos;Smod;NA;Public;Yes;;Free;NA;No;December-2019;NA;NA;NA;;;https://www.riogallegos.gov.ar/rgl/bicis-rgl/;10/12/2019;https://www.eldiarionuevodia.com.ar/local/info-general/2019/12/4/el-viernes-se-activara-oficialmente-bicis-rgl-junto-propuestas-preventivas-98665.html https://www.municipalidad-argentina.com.ar/municipalidad-rio-gallegos.html
Biciudad;Argentina;San Lorenzo;157255;Dock Based;8;NA;64;40;Municipalidad de la Ciudad de San Lorenzo;Municipalidad de San Lorenzo;Sinergia;NA;Public;Yes;7:00h-21:00h;Free;NA;No;November-2016;NA;October-2018;Expansion & New Technology - Old: 6 stations with 10-12 bikes each;;;http://sanlorenzo.gob.ar/biciudad/;06/12/2019;http://pregon.me/vuelve-biciudad-con-cambios-sustanciales-en-el-sistema/
En La Bici;Argentina;Mendoza y Godoy Cruz;1738929;Dock Based;18;NA;;350;Municipalidad de la Ciudad de Mendoza;Municipalidad de la Ciudad de Mendoza;MYT - https://mytsoluciones.com/;NA;Public;with Tarjeta RedBus;Workdays: 8:00h-20:00h/Saturday: 9:00h-15:00h;Free;NA;No;August-2019;NA;NA;NA;;;https://www.ciudaddemendoza.gov.ar/en-la-bici/;06/12/2019;http://www.cadena3.com/contenido/2016/08/23/Mendoza-estreno-las-primeras-estaciones-de-bicis-publicas-168282.asp
Las Bicis;Argentina;Belen de Escobar, Maschwitz y Garin;213619;Dock Based;34;NA;400;200;Smod y Municipio;Agencia Municipal de Tránsito, Transporte y Seguridad Vial - Municipalidad de Escobar;Smod, eCloud Solutions and Chispa*;NA;Public;No;24h;Hour, Daily, Monthly, Semester or Annual;Cash or Credit Card;Yes;July- 2019;NA;NA;NA;;;https://bicicletas.escobar.gob.ar/;06/12/2019;https://bicicletas.escobar.gob.ar/
Mi Bici Tu Bici;Argentina;Rosario;1193605;Dock Based;52;NA;;462;Ente de la Movilidade Rosario - EMR;Ente de la Movilidad;Smod;Serttel;Public;with Tarjeta Movi;24h;Daily, Monthly or Annual;Movi or Credit Card;Yes;March-2015;NA;July-2017;New bikes, new stations and new Technology;https://datos.rosario.gob.ar/dataset/estad%C3%ADsticas-del-sistema-de-bicicletas-p%C3%BAblicas;;http://www.mibicitubici.gob.ar/;06/12/2019;https://latinamerica.uitp.org/node/3976
SiBici;Argentina;Neuquen;551266;Dock Based;3;NA;;60;Municipalidad de la Ciudad de Neuquen;Municipalidad de la Ciudad de Neuquen;MYT - https://mytsoluciones.com/;NA;Public;Yes;24h;Temporaly Free;NA;No;February-2019;NA;NA;NA;;;http://www.ciudaddeneuquen.gob.ar/sibici/;06/12/2019;https://www.eldigitalneuquen.com.ar/2019/05/28/sibici-supero-los-mil-usuarios-en-la-ciudad/
Bbike;Brasil;Brusque;105503;Dock Based;5;NA;;41;Prefeitura de Brusque;Prefeitura de Brusque;Bike Facil/Lev;NA;Public;Yes;6:00-23:00h;Temporaly Free;NA;Yes;October-2019;NA;NA;NA;;;http://www.bbikebrusque.com.br/;10/12/2019;https://www.tvbrusque.com.br/inaugurada-a-primeira-estacao-de-bicicletas-compartilhadas-de-brusque/
Bicicleta Integrada;Brasil;Fortaleza;2669342;Dock Based;6;NA;;300;Serttel;Secretaria Municipal de Conservação e Serviços Públicos;Serttel;NA;Grupo Marquise;with Bilhete Único;05:00h - 23:59h;Free;Bilhete Unico;Yes, Hours Penality;June-2016;NA;NA;NA;;;http://www.bicicletaintegrada.com/home.aspx;16/12/2019;"https://catalogodeservicos.fortaleza.ce.gov.br/categoria/mobilidade/servico/129; https://www.fortaleza.ce.gov.br/noticias/prefeito-roberto-claudio-inaugura-estacao-do-bicicleta-integrada-no-terminal-lagoa"
Bicicletar;Brasil;Fortaleza;2669342;Dock Based;80;NA;1061;800;Serttel;Secretaria Municipal de Conservação e Serviços Públicos;Serttel;NA;Unimed Fortaleza;with Bilhete Único;05:00h-23:59h;Daily, Monthly Annual or Free with Bilhete Único;Credit Card;Yes;December- 2014;NA;NA;NA;;HTML/Mobilicidade;http://www.bicicletar.com.br/;10/12/2019;https://catalogodeservicos.fortaleza.ce.gov.br/categoria/mobilidade/servico/127
Bicicletar Cooporativo;Brasil;Fortaleza;2669342;Dock Based;16;NA;;59;Serttel;Secretaria Municipal de Conservação e Serviços Públicos;Serttel;NA;Projeto Cidades Saudáveis;with Bilhete Único;05:00h-23:59h;Free for municipalty employers;Credit Card;Yes, Hours Penality;March-2018;NA;NA;NA;;;http://www.bicicletarcorporativo.com.br/;16/12/2019;https://www.fortaleza.ce.gov.br/noticias/prefeitura-de-fortaleza-amplia-bicicletar-corporativo-com-mais-10-novas-estacoes-em-predios-publicos-municipais
Bike Belém;Brasil;Belém;1492745;Dock Based;15;NA;110;110;Tembici;Prefeitura de Belém;Serttel;NA;HapVida;No;06:00h-23:00h;Daily, Annual;Credit Card;Yes;April-2016;NA;01/05/2019;New stations;;;https://bikebelem.tembici.com.br/;21/01/2020;https://g1.globo.com/pa/para/noticia/2019/05/12/bicicletas-compartilhadas-de-belem-ganham-novas-estacoes.ghtml
Bike BH;Brasil;Belo Horizonte;2375151;Dock Based;14;NA;;100;Serttel;Prefeitura de Belo Horizonte;Serttel;NA;Unimed Belo Horizonte;No;06:00h-23:00h;Payment per hour or monthly;Credit Card;Yes;August-2014;April- 2019;Agust- 2019;Old: 400 bikes in 40 stations to 100 bikes in 14 stations;;;http://www.movesamba.com.br/bikebh;16/12/2019;"https://prefeitura.pbh.gov.br/bhtrans/informacoes/transportes/bicicletas/bicicletas-compartilhadas; https://diariodocomercio.com.br/dc-mais/unimed-bh-inaugura-estacoes-de-bicicletas-compartilhadas-na-orla-da-lagoa-da-pampulha/; https://noticias.r7.com/minas-gerais/bh-inaugura-14-estacoes-de-emprestimo-de-bikes-no-centro-e-na-pampulha-31082014"
Bike PE;Brasil;Recife;1537704;Dock Based;80;NA;1427;800;Tembici;Pedala PE;PBSC;Serttel;Itaú;No;05:00-23:00h;Daily, Monthly or Annual;Credit Card;Yes;May- 2013;NA;Septermber-2017;New bikes, new stations and new Technology;;JSON/GBFS-PBSCShift;https://bikeitau.com.br/bikepe/;13/12/2019;https://jc.ne10.uol.com.br/blogs/movecidade/2019/12/10/planos-para-um-novo-bike-pe/
Bike POA;Brasil;Porto Alegre;1409351;Dock Based;41;NA;736;410;Tembici;Prefeitura de Porto Alegre;Tembici;NA;Itaú;No;06:00-22:00h;Daily, Monthly or Annual;Credit Card;Yes;September-2012;NA;February-2018;New bikes, new stations and new Technology;;JSON/GBFS-PBSCShift;https://bikeitau.com.br/bikepoa/;13/12/2019;https://gauchazh.clicrbs.com.br/porto-alegre/noticia/2018/03/gauchazh-testou-o-novo-sistema-do-bikepoa-veja-como-funciona-cje7sm4nq011p01qox7zjw3a2.html
Bike Rio;Brasil;Rio de Janeiro;6320446;Dock Based;260;NA;4408;2600;Tembici;Prefeitura do Rio de Janeiro;PBSC;Serttel;Itaú;No;06:00h - 23:59h;Daily, Monthly or Annual;Credit Card;Yes;October-2011;NA;February-2018;New bikes, new stations and new Technology;;JSON/GBFS-PBSCShift;https://bikeitau.com.br/bikerio/;13/12/2019;https://bikesharemap.com/rio/#/12.177379675690808/-43.3222/-22.9439/
Bike Salvador;Brasil;Salvador;2675656;Dock Based;50;NA;990/702;400;Tembici;Prefeitura de Salvador;PBSC;Serttel;Itaú;with Salvador Card;05:00-22:30h;Daily, Monthly or Annual;Credit Card;Yes;September-2013;NA;April-2018;New bikes, new stations and new Technology;;JSON/GBFS-PBSCShift;https://bikesalvador.tembici.com.br/;17/12/2019;"https://www.ibahia.com/detalhe/noticia/no-dia-mundial-sem-carro-salvador-inaugura-sistema-de-compartilhamento-de-bicicletas/; https://www.bahianoticias.com.br/noticia/220339-novo-sistema-de-compartilhamento-de-bicicletas-e-inaugurado-em-salvador.html; http://www.salvadorvaidebike.salvador.ba.gov.br/index.php/noticias/87-inauguracao-do-novo-bike-salvador; http://www.salvadorvaidebike.salvador.ba.gov.br/index.php?option=com_content&view=article&id=5&catid=9&Itemid=101"
Bike Sampa;Brasil;São Paulo;11253503;Dock Based;260;NA;4183;2600;Tembici;Prefeitura de São Paulo;PBSC;Serttel;Itaú;with Bilhete Único;24h;Daily, Monthly or Annual;Credit Card;Yes;May-2012;NA;January-2018;New bikes, new stations and new Technology;;JSON/GBFS-PBSCShift;https://bikeitau.com.br/bikesampa/;17/12/2019;"http://g1.globo.com/sao-paulo/noticia/2012/05/sp-inaugura-servico-de-compartilhamento-de-bicicletas.html; https://www1.folha.uol.com.br/cotidiano/2018/01/1954352-gestao-doria-lanca-aluguel-de-bike-por-bilhete-unico-e-com-ate-12-h-de-uso.shtml; https://www.mobilize.org.br/noticias/10746/novo-bike-sampa-comeca-a-ser-implantado-a-partir-de-hoje-19.html"
Bike Sanja;Brasil;São José dos Campos;629921;Dockless;NA;Free-floating;NA;50;Serttel;Prefeitura de São José dos Campos;Serttel;NA;Private;No;06:00-23:00;Payment per hour;Credit Card;Yes;October-2018;NA;NA;NA;;;https://www.sjc.sp.gov.br/servicos/mobilidade-urbana/bikesanja/;17/12/2019;"https://www.sjc.sp.gov.br/noticias/2018/outubro/18/prefeitura-lanca-sistema-de-bicicletas-compartilhadas-e-amplia-conexao-entre-ciclovias/; https://www.aquariuslife.com.br/bikes-compartilhadas-yellow-samba-comparacao-empresas-atuantes-sao-jose/; http://www.serttel.com.br/sao-jose-dos-campos-inaugura-sistema-dockless-para-compartilhamento-de-bicicletas/"
Bike Santos;Brasil;Santos;419400;Dock Based;37;NA;465;370;Serttel;Prefeitura de Santos;Serttel;Serttel;Unimed Santos;with Transit Card;06:00-23:00h;Daily, Monthly or Annual;Credit Card;Yes;November-2012;NA;Septermber-2017;Service charge;;HTML/Mobilicidade;https://www.mobilicidade.com.br/bikesantos/home.aspx;17/12/2019;"http://g1.globo.com/sp/santos-regiao/noticia/2012/11/emprestimo-de-bicicletas-comeca-funcionar-nesta-quinta-em-santos-sp.html; https://www.santos.sp.gov.br/?q=noticia/em-novo-formato-uso-do-bike-santos-aumenta-134-em-janeiro; https://g1.globo.com/sp/santos-regiao/noticia/bike-santos-deixa-de-ser-gratuito-com-um-novo-modelo-de-gestao.ghtml;"
Bike Serra;Brasil;Serra;409267;Dock Based;20;NA;;200;Serttel;Prefeitura de Serra;Serttel;NA;Sicoob;No;05:00h - 23:00h;Daily, Weekly, Monthly and Annual;Credit Card;Yes;March- 2019;NA;NA;NA;;;http://www.bikeserra.com/home.aspx;18/12/2019;"http://www.serra.es.gov.br/site/publicacao/bike-serra-sera-inaugurado-nesta-sexta-29; http://www.serra.es.gov.br:8080/site/publicacao/bike-serra-aprenda-a-utilizar-o-servico-de-bicicletas-compartilhadas"
Bike Vitória;Brasil;Vitória;327801;Dock Based;32;NA;;320;Serttel;Prefeitura de Vitória;Serttel;NA;Unimed / Sicoob;No;06:00-23:00h;Daily, Monthly, Annual;Credit Card;Yes;May- 2016;NA;NA;NA;;;http://www.bikevitoria.com/home.aspx;18/12/2019;"https://m.vitoria.es.gov.br/noticia/bike-vitoria-sistema-ampliado-e-tres-novas-estacoes-serao-inauguradas-34017; https://www.unimed.coop.br/web/vitoria/noticias/-/asset_publisher/VY0yUnAGGIkf/content/vitoria-ganha-mais-10-estacoes-do-bike-vitoria-e-bicicletas-para-criancas?inheritRedirect=false&redirect=https%3A%2F%2Fwww.unimed.coop.br%2Fweb%2Fvitoria%2Fnoticias%3Fp_p_id%3D101_INSTANCE_VY0yUnAGGIkf%26p_p_lifecycle%3D0%26p_p_state%3Dnormal%26p_p_mode%3Dview%26p_p_col_id%3Dcolumn-1%26p_p_col_count%3D1%26p_r_p_564233524_resetCur%3Dfalse; https://www.vitoria.es.gov.br/noticia/bike-vitoria-vai-oferecer-200-bicicletas-em-20-pontos-da-cidade-a-partir-de-maio-20468"
BikePel;Brasil;Pelotas;328275;Dock Based;14;NA;;100;Serttel;Prefeitura de Pelotas;Serttel;NA;Saúde Maior;No;06:00-23:00h;Payment per hour, Monthly;Credit Card;Yes;October-2019;NA;NA;NA;;;http://www.bikepel.com.br/;10/12/2019;http://www.pelotas.com.br/noticia/entenda-como-funciona-o-aplicativo-do-bikepel
BikeVV;Brasil;Vila Velha;414586;Dock Based;20;NA;331;200;Tembici;Prefeitura de Vila Velha;PBSC;NA;samp / Banestes;No;05:00-24:00h;Daily, Montlhy or Annual;Credit Card;Yes;March-2018;NA;NA;NA;;JSON/GBFS-PBSCShift;https://www.bikevv.com.br/;18/12/2019;"http://www.vilavelha.es.gov.br/noticias/2018/03/pedalaco-marca-o-lancamento-do-bike-vv-20156; http://www.vilavelha.es.gov.br/noticias/2018/03/aprenda-como-utilizar-o-bike-vv-20139"
Ciclo Sampa;Brasil;São Paulo;11253503;Dock Based;20;NA;;200;Trunfo Eventos e Comunicação;Prefeitura de São Paulo;Cyclo Share;NA;Bradesco Seguros;No;06:00h - 22:00h;Free;Credit Card;Yes;December-2013;NA;NA;NA;;;https://ciclosampa.pegbike.com.br/ciclosampa/index.php;18/12/2019;"https://vejasp.abril.com.br/cidades/ciclosampa-aluguel-de-bicicletas/; http://bike-sharing.blogspot.com/2012/12/the-bike-sharing-world-mid-december-2012.html"
Ecobike;Brasil;Indaiatuba;201619;Dock Based;4;NA;;200;Departamento Municipal de Trânsito;Prefeitura de Indaiatuba;Tembici/Muzzycycles;NA;Fundação Toyota;Yes;Workdays: 9:00-17:00h/Weekends: 9:00-18:00h;Free;NA;No;July-2012;NA;NA;NA;;;https://www.facebook.com/prefeituradeindaiatuba/posts/1013601945425925/;10/12/2019;http://www.itu.com.br/regiao/noticia/projeto-disponibiliza-bicicletas-a-populacao-20120703
GynDeBike;Brasil;Goiânia;1302001;Dock Based;18;NA;;180;Serttel;Prefeitura de Goiânia;Serttel;NA;Unimed Goiânia;No;06:00-22:59h;Daily, Monthly, Annual;Credit Card;Yes;December-2016;NA;NA;NA;;;http://www.debikegoiania.com/;16/12/2019;"http://www4.goiania.go.gov.br/portal/pagina/?pagina=noticias&s=1&tt=not&cd=11675&fn=true; https://www.emaisgoias.com.br/goiania-ganha-cinco-novas-estacoes-de-bicicletas-compartilhadas/"
GynDeBike Kids;Brasil;Goiânia;1302001;Dock Based;2;NA;;20;Serttel;Prefeitura de Goiânia;Serttel;NA;Unimed Goiânia;No;06:00-22:59h;Daily, Monthly, Annual;Credit Card;Yes;February-2019;NA;NA;NA;;;http://www.debikegoiania.com/bikekids.aspx;16/12/2019;"http://www.ohoje.com/noticia/cidades/n/165604/t/goiania-ganha-duas-estacoes-de-bikes--para-criancas; http://blog.goiania.go.gov.br/2019/02/27/goiania-ganha-mais-cinco-estacoes-de-bicicletas-compartilhadas/"
IntegraBike;Brasil;Sorocaba;586625;Dock Based;25;NA;266;200;URBES;Prefeitura de Sorocaba;Compartbike;Serttel;Public;Yes;06:00-22:00h;Free;Transit Card;Yes;May- 2012;NA;April-2016;New bikes, new stations and new Technology;;JSON/googleMapx;https://integrabike.tembici.com.br/;18/12/2019;https://www2.jornalcruzeiro.com.br/materia/596942/licitacao-preve-11-novas-estacoes-do-integrabike http://agencia.sorocaba.sp.gov.br/integrabike-mais-bicicletas-estacoes-e-beneficios-aos-usuarios/
Loop Bike;Brasil;Gramado;32273;Dockless;NA;7;NA;;Loop;Prefeitura de Gramado;Loop;NA;Private;No;07:00-22:00h;Payment per hour;Credit Card;Yes;December-2018;NA;NA;NA;;;https://www.voudeloop.com/;10/12/2019;http://gramadoexperience.com/2019/07/passeio-de-bicicleta-em-gramado-com-a-loop-bike-sharing/
Loop Bikes;Brasil;Porto Alegre;1409351;Dockless;NA;29;NA;60;Loop;Prefeitura de Porto Alegre;Loop;NA;Private;No;07:00-22:00h;Daily or Monthly;Credit Card;Yes;November-2017;NA;NA;NA;;;https://www.voudeloop.com/;13/12/2019;https://gauchazh.clicrbs.com.br/porto-alegre/noticia/2019/02/bikes-e-patinetes-por-todos-os-lados-mudam-visual-de-bairros-em-porto-alegre-cjsn5yybj030w01p80unl0puy.html
Mais Bike;Brasil;Brasília;3015268;Dock Based;48;NA;;400;Serttel;Prefeitura de Brasília;Serttel;NA;Mastercard;No;6:00-23:59h;Daily, Monthly or Annual;Credit Card;Yes;May-2014;NA;August-2017;New Sponsor;http://dados.gov.br/dataset/viagens-feitas-com-o-sistema-de-bicicletas-compartilhadas-do-distrito-federal;;http://www.maisbikecompartilhada.com.br/;10/12/2019;https://www.agenciabrasilia.df.gov.br/2017/08/09/governo-lanca-plano-bike-com-ampliacao-de-ciclovias-e-mais-bicicletas-publicas-em-brasilia/
Mais Bike Kids;Brasil;Brasília;3015268;Dock Based;2;NA;;10;Serttel;Prefeitura de Brasília;Serttel;NA;Mastercard;No;6:00-23:59h;Daily, Monthly or Annual;Credit Card;Yes;June-2018;NA;NA;NA;;;http://www.maisbikecompartilhada.com.br/;10/12/2019;https://www.agenciabrasilia.df.gov.br/2018/06/17/deck-sul-recebe-estacao-de-bicicletas-compartilhadas-para-criancas/
Mini Bicicletar;Brasil;Fortaleza;2669342;Dock Based;5;NA;;50;Serttel;Secretaria Municipal de Conservação e Serviços Públicos;Serttel;NA;Unimed Fortaleza;with Bilhete Único;05:00h-23:59h;Daily, Monthly Annual or Free with Bilhete Único;Credit Card;Yes;June-2017;NA;NA;NA;;;http://www.bicicletar.com.br/miniBicicletar.aspx;16/12/2019;https://www.fortaleza.ce.gov.br/noticias/prefeitura-de-fortaleza-inaugura-primeiras-estacoes-do-mini-bicicletar-com-atividades-culturais-para-criancas
Passo Fundo Vai de Bici;Brasil;Passo Fundo;184826;Dock Based;10;NA;;110;Vai de bici;Prefeitura de Passo Fundo;Mobhis;NA;Public;Yes;06:00-22:00h;Free;NA;Yes, Hours Penality;01/05/2016;NA;NA;NA;;;http://pfvaidebici.mobhis.com.br/;10/12/2019;https://www.mobilize.org.br/noticias/9524/passo-fundo-rs-inaugura-pontos-de-aluguel-gratuito-de-bicicleta.html
RiviBike;Brasil;Bertioga;47645;Dock based;7;NA;75;38;Tembici;Prefeitura de Bertioga;PBSC;Compartibike;Sobloco;Yes;7:00-22:00h;Free;Credit Card;Yes;December-2012;NA;December-2018;New Technology;;JSON/GBFS-PBSCShift;https://www.rivieradesaolourenco.com/rivibike-2/;10/12/2019;https://www.rivieradesaolourenco.com/rivibike-no-the-bike-sharing-world-map/
Salvador vai de bike (Azulzinhas);Brasil;Salvador;2675656;Dock Based;4;NA;;80;Tembici;Prefeitura de Salvador;;NA;Itaú;No;Only Saturday and Sunday: 07:00-17:00h;Payment per hour;Credit Card;Yes;September-2015;NA;NA;NA;;;http://www.salvadorvaidebike.salvador.ba.gov.br/index.php/acoes;17/12/2019;"http://g1.globo.com/bahia/noticia/2015/09/bicicletario-publico-sera-inaugurado-no-farol-da-barra-neste-sabado.html; https://www.mobilize.org.br/noticias/10393/bikerio-bike-sampa-bikepe-bikepoa-etc-mudam-de-operadora.html?print=s; http://www.salvadorvaidebike.salvador.ba.gov.br/index.php?option=com_content&view=article&id=5&catid=9&Itemid=101"
Unimed Bike-JF;Brasil;Juiz de Fora;516247;Dock Based;1;NA;30;30;Tembici;Universidade Federal de Juiz;Compartbike tembici;NA;Unimed Juiz de Fora;No;06:00-22:00h;Free for Unimed Clients or Annual;Credit Card;Yes, Days Penality;December- 2014;NA;NA;NA;;;https://estacaounimedjf.tembici.com.br/;16/12/2019;http://www.unimedjf.coop.br/Conteudos/Noticias/releases/unimed-juiz-de-fora-inaugura-maior-estacao-bike-do-brasil-no-campus-da-ufjf
Yellow;Brasil;São José dos Campos;629921;Dockless;NA;Free-floating;NA;1200;Grow;Prefeitura de São José dos Campos;Yellow;NA;Private;No;24h;Payment per hour;Credit Card;Yes;November-2018;NA;NA;NA;;;http://ongrin.com/pt/;17/12/2019;"http://meon.com.br/noticias/regiao/bikes-compartilhadas-bairros-zona-sul-sao-jose; https://www.sjc.sp.gov.br/noticias/2018/novembro/28/sao-jose-atrai-nova-operadora-e-amplia-sistema-de-bikes-compartilhadas/; https://www.sjc.sp.gov.br/noticias/2019/junho/8/sao-jose-amplia-numero-de-bikes-e-leva-o-servico-para-a-zona-sul/"
Yellow;Brasil;São Paulo;11253503;Dockless;NA;Free-floating;NA;700;Grow;Prefeitura de São Paulo;Yellow;NA;Private;No;24h;Payment per hour;Credit Card;Yes;August-2018;NA;NA;NA;;;http://ongrin.com/pt/;18/12/2019;"https://veja.abril.com.br/economia/yellow-quer-100-mil-bikes-em-sp-precisamos-acreditar-no-brasileiro/; https://sao-paulo.estadao.com.br/noticias/geral,capao-redondo-tera-200-bicicletas-da-yellow-com-preco-comunitario-em-sp,70002815753"
Yellow;Brasil;Belo Horizonte;2375151;Dockless;NA;Free-floating;NA;500;Grow;Prefeitura de Belo Horizonte;Yellow;NA;Private;No;24h;Payment per hour;Credit Card;Yes;January-2019;NA;NA;NA;;;http://ongrin.com/pt/;16/12/2019;https://www.hojeemdia.com.br/horizontes/moradores-de-bh-podem-alugar-patinetes-el%C3%A9tricos-a-partir-desta-ter%C3%A7a-1.686328
Yellow;Brasil;Curitiba;1751907;Dockless;NA;Free-floating;NA;400;Grow;Prefeitura de Curitiba;Yellow;NA;Private;No;24h;Payment per hour;Credit Card;Yes;January-2019;NA;NA;NA;;;http://ongrin.com/pt/;10/12/2019;https://g1.globo.com/pr/parana/noticia/2019/01/22/servico-de-aluguel-de-bicicletas-e-patinetes-eletricos-sem-estacoes-pre-definidas-e-lancado-em-curitiba.ghtml
Yellow;Brasil;Brasília;3015268;Dockless;NA;Free-floating;NA;350;Grow;Prefeitura de Brasília;Yellow;NA;Private;No;24h;Payment per hour;Credit Card;Yes;January-2019;NA;NA;NA;;;http://ongrin.com/pt/;10/12/2019;https://www.correiobraziliense.com.br/app/noticia/cidades/2019/01/28/interna_cidadesdf,733705/empresa-yellow-chega-a-brasilia-com-servico-de-aluguel-de-bicicletas.shtml
Yellow;Brasil;Florianópolis;421240;Dockless;NA;Free-floating;NA;200;Grow;Prefeitura de Florianópolis;Yellow;NA;Private;No;24h;Payment per hour;Credit Card;Yes;December-2018;NA;NA;NA;;;http://ongrin.com/pt/;10/12/2019;https://www.nsctotal.com.br/colunistas/estela-benetti/locacao-de-bicicletas-em-florianopolis-comeca-nesta-terca-feira
Yellow;Brasil;Campinas;1080113;Dockless;NA;Free-floating;NA;200;Grow;Prefeitura de Campinas;Yellow;NA;Private;No;24h;Payment per hour;Credit Card;Yes;January-2019;NA;NA;NA;;;http://ongrin.com/pt/;10/12/2019;https://www.acidadeon.com/campinas/cotidiano/regiao/NOT,0,0,1398722,yellow+lanca+bicicleta+sem+estacao+em+campinas.aspx
Yellow;Brasil;São José;209804;Dockless;NA;Free-floating;NA;50;Grow;Prefeitura de São José;Yellow;NA;Private;No;24h;Payment per hour;Credit Card;Yes;June-2019;NA;NA;NA;;;http://ongrin.com/pt/;17/12/2019;"https://www.nsctotal.com.br/noticias/sao-jose-testa-o-uso-de-bicicletas-e-patinetes-eletricas-compartilhadas; https://www.saojose.sc.gov.br/index.php/sao-jose/noticias-desc/bicicletas-compartilhadas-e-patinetes-eletricos-comecam-a-ser-testados-em-s"
Yellow;Brasil;Vitória;327801;Dockless;NA;Free-floating;NA;;Grow;Prefeitura de Vitória;Yellow;NA;Private;No;24h;Payment per hour;Credit Card;Yes;February-2019;NA;NA;NA;;;http://ongrin.com/pt/;18/12/2019;https://revistahype.com.br/yellow-lanca-operacao-de-bikes-e-patinetes-em-vitoria/  https://www.agazeta.com.br/es/gv/com-desistencia-em-vila-velha-empresa-leva-patinetes-para-vitoria-0219  https://www.agazeta.com.br/es/gv/patinetes-eletricos-e-bicicletas-dockless-chegam-a-vitoria-0219
Yellow;Brasil;São Vicente;332445;Dockless;NA;Free-floating;NA;;Grow;Prefeitura de São Vicente;Yellow;NA;Private;No;05:00-24:00h;Payment per hour;Credit Card;Yes;September-2019;NA;NA;NA;;;http://ongrin.com/pt/;18/12/2019;"https://www.diariodolitoral.com.br/sao-vicente/servico-de-compartilhamento-de-bikes-chega-a-sao-vicente/129260/; http://www.saovicente.sp.gov.br/publico/noticia.php?codigo=6305"
Yellow;Brasil;Porto Alegre;1409351;Dockless;NA;Free-floating;NA;;Grow;Prefeitura de Porto Alegre;Yellow;NA;Private;No;24h;Payment per hour;Credit Card;Yes;February-2019;NA;NA;NA;;;http://ongrin.com/pt/;13/12/2019;https://www.correiodopovo.com.br/not%C3%ADcias/geral/yellow-come%C3%A7a-operar-bicicletas-e-patinetes-de-aluguel-nesta-quarta-em-porto-alegre-1.321324
Bici Las condes;Chile;Santiago de Chile;7112808;Dock Based;99;NA;;990;Clear Channel;Municipalidad de Las Condes;Smartbike;NA;Public;No;05:00h-00:40h;Monthly, Annual;Credit Card;Yes;March-2015;NA;NA;NA;;JSON/SmartBike;https://www.bicilascondes.cl/;18/12/2019;https://web.archive.org/web/20150413214924/http://www.lascondes.cl/bicicletas/portada.html
BikeSantiago;Chile;Santiago de Chile;7112808;Dock Based;350;NA;;3500;Tembici;Municipalidad de Santiago;PBSC;B-Cycle;Itaú;No;24h;Daily, Monthly or Annual;Credit Card;Yes;February-2015;NA;February-2019;New bikes, new stations and new Technology;;;https://www.bikesantiago.cl/;18/12/2019;"https://www.munistgo.cl/alcaldesa-toha-inaugura-primer-sistema-de-bicicletas-publicas-en-la-comuna/; https://www.munistgo.cl/santiago-dispondra-de-nuevo-sistema-de-bicicletas-con-mayores-beneficios/"
Mobike;Chile;Santiago de Chile;7112808;Dockless;NA;Free-floating;NA;1500;Mobike;Municipalidad de La Reina;Mobike;NA;Private;with Tarjeta Ciudad;24h;Hour, Dailly, Monthly, 3 or 6 Months and Annual;Credit Card;Yes;March-2018;NA;NA;NA;;;https://mobike.com/global/;18/12/2019;"https://www.lareina.cl/index.php/slider/283-mobike-la-revolucion-de-las-bicicletas-llego-a-la-reina; http://revistapedalea.com/mobike-bike-sharing-de-nivel-mundial-llega-a-chile/"
Bicicletas publicas de Cajicá;Colombia;Cajicá;81111;Dock Based;2;NA;;30;Alcaldía de Cajicá;Alcaldía de Cajicá;Citybiobike;NA;Public;Yes;Workdays: 8:00h-17:00h;Free;NA;No;August-2018;NA;NA;NA;;;http://citybiobike.com/;23/12/2019;https://www.cajica.gov.co/sistema-publico-de-bicicletas-de-cajica-mas-facilidades-para-todos/ http://enbici-revista.blogspot.com/2018/06/manizales-en-bici.html http://citybiobike.com/quienes-somos/
Bicicletas Públicas de Chiá;Colombia;Chía;129613;Dock Based;2;NA;;30;Secretaria de movilidad;Alcaldía de Chía;Citybiobike;NA;Public;Yes;Workdays: 8:00h-17:00h;Free;NA;No;August-2019;NA;NA;NA;;;http://citybiobike.com/;23/12/2019;http://www.radiosantafe.com/2019/08/12/chia-estrena-bicicletas-publicas-gratuitas/ https://www.chia-cundinamarca.gov.co/index.php/3643-sabes-como-tener-acceso-al-prestamo-de-una-bicicleta-en-nuestro-municipio http://citybiobike.com/quienes-somos/ http://enbici-revista.blogspot.com/2018/06/manizales-en-bici.html
Bicicletas Públicas de Ibagué;Colombia;Ibagué;500686;Dock Based;1;NA;;20;Secretaria de Transito;Alcaldía de Ibagué;;NA;Public;No;6:00h-20:00h;Free;NA;No;February-2018;NA;NA;NA;;;;20/12/2019;"https://www.ibague.gov.co/portal/seccion/noticias/index.php?idnt=4686  https://www.ibague.gov.co/portal/seccion/noticias/index.php?idnt=4050 https://www.alertatolima.com/noticias/tolima/ibague/ibague-tendra-sistema-de-bicicletas-publicas https://www.ecosdelcombeima.com/ibague/nota-126915-ha-utilizado-el-servicio-de-bicicletas-publicas-en-ibague ; https://www.ecosdelcombeima.com/ibague/nota-126915-ha-utilizado-el-servicio-de-bicicletas-publicas-en-ibague ; http://www.euroclimaplus.org/movilidadurbana/item/224-piloto-ibague%20class= ; https://www.alertatolima.com/noticias/tolima/ibague/ibague-tendra-sistema-de-bicicletas-publicas"
Bicicletas Publicas de Quimbaya;Colombia;Quimbaya;29117;Dock Based;1;NA;;37;Alcaldía de Quimbaya en Quíndio;Alcaldia de Quimbaya en Quíndio;;NA;Public;Yes;;Free;NA;No;December-2016;NA;NA;NA;;;;26/12/2019;http://www.noticiasdospuntos.com.co/quimbaya-ahora-37-bicicletas-publicas-la-comunidad-los-turistas-disfruten-paisajes/ https://www.mintransporte.gov.co/publicaciones/5128/bicicletas-publicas-recorreran-las-calles-de-quimbaya-en-el-quindio/
Bicicletas publicas de Zipaquirá;Colombia;Zipaquirá;129652;Dock Based;2;NA;;30;Alcadía de Zipaquirá;Alcadía de Zipaquirá;Citybiobike;NA;Public;Yes;Workdays: 8:00h-17:00h;Free;NA;No;February-2018;NA;NA;NA;;;http://citybiobike.com/;23/12/2019;http://www.zipaquira-cundinamarca.gov.co/noticias/sistema-publico-de-bicicletas  https://www.eltiempo.com/bogota/bicicletas-publicas-gratuitas-en-chia-cajica-y-zipaquira-185674
BiciCo;Colombia;Bogotá;7181469;Dock Based;6;NA;;50;;Municipalidad de Bogotá;;NA;Carulla / Colapatria / Scotiabank / Codensa;No;6:30h-20:00h;Hour, Daily or Montlhy;Credit Card;Yes;August-2018;NA;NA;NA;;;https://play.google.com/store/apps/details?id=com.bicico.bicico&hl=pt_BR;20/12/2019;https://www.larepublica.co/empresas/bicico-la-app-de-prestamo-de-bicicletas-electricas-compartidas-que-lanzaron-en-bogota-2760235 https://www.elespectador.com/noticias/bogota/asi-es-bicico-la-nueva-propuesta-de-alquiler-de-bicicletas-electricas-en-bogota-articulo-806574
BiciEstación;Colombia;Cali;1822869;Dock Based;11;NA;;43;Biciestación;Municipalidad de Cali;;NA;Holguines/ adn Rodas/ starker;Yes;variable time by station;Free;NA;Yes;October-2016;NA;NA;NA;;;https://www.biciestacion.com/;20/12/2019;http://calicreativa.com/biciestacion-una-nueva-forma-de-pedalear-por-la-ciudad/#respond / https://www.cali.gov.co/movilidad/publicaciones/115572/cali_empieza_a_formar_la_red_emprendimientos_con_la_bicicleta_como_protagonista/
Bici-Río;Colombia;Rionegro;116400;Dock Based;6;NA;;80;Universidad Eafit;Alcaldía de Rionegro;Local;NA;Public;Yes;6:30h-18:00h;Free;NA;Yes;December-2016;NA;NA;NA;;;;26/12/2019;https://orientese.co/bici-rio-ahora-tambien-los-sabados/ http://diarioriente.com/altiplano/rionegro-se-puede-viajar-gratis-bici-rio-toda-la-ciudad-funciona.html
Bisinu;Colombia;Montería;433723;Dock Based;13;NA;;200;Biciclick;Alcaldía de Montería;Biciclick;NA;Public;Yes;Workdays: 07:00h-12:00, 2:00h-18:00h/Saturday: 9:00h-12h;Free;NA;No;October-2015;NA;NA;NA;;;https://bisinu.com/;27/12/2019;https://www.monteria.gov.co/publicaciones/2067/bisinu/ https://www.laguiademonteria.co/como-funciona-el-programa-bisinu/ https://www.laguiademonteria.co/se-inauguro-el-servicio-de-bicicletas-publicas-en-monteria/ https://www.monteria.gov.co/publicaciones/2067/bisinu/
EnCicla;Colombia;Valle de Aburrá (Medellín);2372330;Dock Based;80;NA;;1680;La Bici;Área Metropolitana Valle de Aburrá;Local;NA;Public;Yes;Workdays: 5:30h-22:00h/Saturday: 6:30-16:00h;Free;NA;No;September-2011;NA;September-2014;New Technology;;;http://www.encicla.gov.co/;23/12/2019;http://www.eafit.edu.co/agencia-noticias/historico-noticias/2011/octubre/Paginas/ciudadanos-medellin-encicla-eafit.aspx https://www.getvico.com/blog/es/encicla-bicicletas-gratis-medellin/ https://www.eltiempo.com/colombia/medellin/encicla-estrena-tres-estaciones-nuevas-en-medellin-386416 https://www.elcolombiano.com/antioquia/encicla-en-envigado-comienza-operacion-con-estaciones-NN11946784 https://www.metropol.gov.co/Paginas/Noticias/encicla-amplia-horario-de-prestacion-de-servicio.aspx https://caracol.com.co/radio/2014/09/30/regional/1412053560_439089.html
Manizales en Bici;Colombia;Manizales;400136;Dock Based;8;NA;;185;Dimat;Alcaldía de Manizales;City biobike;NA;Public;Yes;6:00h-20:00h;Free;NA;No;November-2015;NA;January-2019;New bikes and new stations;;;http://citybiobike.com/;23/12/2019;https://www.wradio.com.co/noticias/regionales/8203manizales-implementara-sistema-de-bicicletas-publicas/20151104/nota/2989746.aspx https://www.lapatria.com/economia/bicicletas-publicas-de-manizales-estan-de-regreso-430154 https://www.eltiempo.com/colombia/otras-ciudades/regresaron-las-bicicletas-publicas-en-la-ciudad-de-manizales-179758 https://www.lapatria.com/manizales/regresaron-las-bicicletas-publicas-las-calles-de-manizales-410712
Megabici;Colombia;Pereira;409670;Dock Based;4;NA;;100;Dimat;Alcaldía de Pereira;Citybiobike;NA;Public;Yes;Workdays: 07:00h-17:00h;Free;NA;No;August-2019;NA;NA;NA;;;http://www.pereira.gov.co/MegaBici/Paginas/Inicio.aspx;26/12/2019;https://risaraldahoy.com/alcalde-de-pereira-inauguro-el-sistema-de-bicicletas-publicas/
Metrobici;Colombia;Bucaramanga;528855;Dock Based;10;NA;;270;Dimat;Municipalidad de Bucaramanga;Citybiobike;NA;Public;Yes;07:30h-17:00h;Free;NA;No;October-2019;NA;NA;NA;;;https://metrobicibga.wixsite.com/misitio;21/01/2020;
Muvo;Colombia;Bogotá;7181469;Dockless;NA;Free-floating;NA;150;Muvo;Municipalidad de Bogotá;Muvo;NA;Private;No;Workdays: 6:00-22:00h/Saturday: 6:00-18:00h/Sunday: 10:00-17:00h;Payment per hour;Credit Card;Yes;March-2018;NA;NA;NA;;;https://muvo.bike/?lang=en;20/12/2019;"https://mirutafacil.com/bicis-electricas-de-uso-compartido-muvo/; https://www.eltiempo.com/bogota/bicicletas-electricas-de-uso-compartido-en-bogota-192318; https://www.facebook.com/pg/muvobike/about/?ref=page_internal"
Programa Bicicletas Públicas;Colombia;Neiva;314526;Dock Based;2;NA;;30;Biciclick;Alcaldía de Neiva;Biciclick;NA;Unicentro;Yes;;Free;NA;No;July-2019;NA;NA;NA;;;http://www.biciclick.co/;26/12/2019;alcaldianeiva.gov.co/NuestraAlcaldia/SalaDePrensa/Paginas/Neiva-tendrá-cinco-estaciones-de-Bicicletas-Públicas.aspx https://opanoticias.com/neiva/las-bicicletas-publicas-ya-estan-en-neiva/6830 https://www.nuestrasnoticias.co/actualidad/neiva-ya-cuenta-con-estaciones-de-bicicletas-publicas_2674
Programa de Bicicletas Públicas;Colombia;Sincelejo;274622;Dock Based;8;NA;;210;Alcaldía de Sincelejo;Alcaldía de Sincelejo;;NA;Public;Yes;6:00h-18:00h;Free;NA;No;September-2015;NA;NA;NA;;;;27/12/2019;http://www.alcaldiadesincelejo.gov.co/NuestraAlcaldia/SaladePrensa/Paginas/SINCELEJO-CUENTA-CON-TRES-NUEVOS-PUNTOS-DE-BICICLETAS-P%C3%9ABLICAS.aspx https://www.eluniversal.com.co/regional/sucre/sincelejo-tendra-punto-de-anclaje-automatizado-de-bicicletas-publicas-266012-LUEU379277 https://www.eltiempo.com/archivo/documento/CMS-16572091  https://www.elheraldo.co/sucre/sistema-esta-funcionando-en-sincelejo-con-140-bicis-379623 https://www.eltiempo.com/archivo/documento/CMS-16354760
Valledupar Avanza en Bici;Colombia;Valledupar;459349;Dock Based;8;NA;;80;Alcaldía de Valledupar;Alcaldía de Valledupar;;NA;Public;Yes;7:00h-19:00h;Free;NA;No;November-2019;NA;NA;NA;;;http://www.valleduparavanzaenbici.com.co/;26/12/2019;https://elpilon.com.co/vuelven-al-ruedo-las-bicicletas-publicas-en-valledupar/
VillaBici;Colombia;Villavicencio;451212;Dock Based;7;NA;;100;Secretaria de Movilidad de la Alcaldia de Villavicencio;Alcaldía de Villavicencio;;NA;Public;Yes;Workdays: 07:00h-19:00h/Saturday: 07:00h-15:00h;Free;NA;No;April-2019;NA;NA;NA;;;http://villabici.movilidadvillavicencio.gov.co/;26/12/2019;https://www.viveelmeta.com/termino-contrato-con-operador-de-villabici-2599/
Omni;Costa Rica;San José;322155;Dockless;NA;Free-floating;NA;550;Grab;Municipalidad de San Jose;Grab;NA;COOPENAE;No;05:00h-22:00h;Payment per hour;Credit Card;Yes;October-2019;NA;NA;NA;;;https://omni.cr/;27/12/2019;https://outline.com/eP5bHv https://www.larepublica.net/noticia/usted-podra-alquilar-bicis-electricas-con-coopenae https://www.larepublica.net/noticia/a-partir-de-manana-podra-alquilar-bicis-en-la-capital
Habici;Cuba;Havana;2130517;Dock Based;7;NA;;60;Ayuntamiento de La Habana;Ayuntamiento de La Habana;Tecnalia;NA;Public;No;Tuesday-Sunday: 9:00h-18h;Weekly, Monthly or Annual;Cash;Yes;November-2018;NA;NA;NA;;;;27/12/2019;https://oncubanews.com/cuba/habici-en-bicicletas-publicas-por-la-habana/ http://www.canalcaribe.icrt.cu/ha-bici-una-alianza-entre-lo-privado-y-estatal-para-la-movilidad/ http://www.habanaradio.cu/culturales/la-habana-sobre-dos-ruedas/
BiciCuenca;Ecuador;Cuenca;505585;Dock Based;20;NA;;240;Bici Cuenca SA;Alcaldía de Cuenca;Serttel;NA;Public;No;06:00 - 19:00h;Daily, Monthly or Annual;Credit Card, Debit Card or Cash;Yes;April-2019;NA;NA;NA;;;https://www.bicicuenca.com/;27/12/2019;http://www.emov.gob.ec/?q=content/estaciones-instaladas-de-bici-p%C3%BAblica-en-cuenca  http://www.emov.gob.ec/?q=content/se-colocan-primeras-estaciones-de-bici-p%C3%Bablica
BiciQuito;Ecuador;Quito;2239191;Dock Based;26;NA;;480;AMT Quito - Agencia Metropolitana de Tránsito / Empresa Publica Metropolitana de movilidad y obras publicas;Municipio del Distrito Metropolitano de Quito;Local;NA;Public;No;Workdays: 07:00h-19:00h/Weekends: 08:00h-17:00h;Free;NA;Yes, Days Penality;July-2012;NA;NA;NA;;;http://www.biciquito.gob.ec/;27/12/2019;https://www.elcomercio.com/actualidad/quito-incrementar-numero-usuarios-bicicleta.html https://www.elcomercio.com/actualidad/bicicleta-publica-quito-unidades-funcionamiento.html
BiciLeón;México;León;1436480;Dockless;NA;55;NA;500;Mobike;Ayuntamiento de León;Mobike;NA;Private;No;05:30h-00:30h;Payment per hour;Credit Card or Debit Card;Yes;September-2019;NA;NA;NA;;;https://mobike.com/mx/;30/12/2019;https://www.milenio.com/politica/comunidad/bicileon-como-usar-las-bicicletas https://www.am.com.mx/guanajuato/noticias/Cuanto-cuesta-usar-la-Bici-Leon-Arranca-manana-20190919-0028.html
BiciPlaya;México;Playa Del Carmen;159310;Dock Based;44;NA;;500;Biciplaya;Promotora de Reordenamiento Urbano (Promourb);Biciplaya;NA;Public;No;06:00h-23:00h;Daily or Annual;Credit Card or Debit Card;Yes;September-2019;NA;NA;NA;;;https://biciplaya.com/landing;30/12/2019;https://noticaribe.com.mx/2019/09/09/alistan-arranque-del-proyecto-biciplaya-nuevo-sistema-de-movilidad-ofrecera-500-bicicletas-con-una-cobertura-de-44-estaciones-para-cambiarle-el-rostro-a-playa-del-carmen/
Dezba;México;Ciudad de México;8918653;Dockless;NA;Free-floating;NA;450;Dezba;Secretaría de Movilidad CDMX;Dezba;NA;Private;No;06:00h - 11:00h;Payment per hour or Monthly;Credit Card or Debit Card;Yes;March-2018;NA;NA;NA;;;https://www.dezba.mx/principal;29/12/2019;https://expansion.mx/tecnologia/2019/08/13/dezba-la-app-mexicana-que-competira-con-las-bicis-de-uber https://www.infochannel.info/dezba-la-app-que-hara-frente-las-bicis-de-uber-en-cdmx
EcoBici CDMX;México;Ciudad de México;8918653;Dock Based;480;NA;12404;6800;Clear Channel;Secretaría de Movilidad CDMX;SmartBike;NA;Public;with Tarjeta de la Ciudad;05:00h - 00:30h;Daily, 3 or 7 days and Annual;Credit Card or Debit Card;Yes;February-2010;NA;NA;NA;https://www.ecobici.cdmx.gob.mx/es/informacion-del-servicio/open-data;JSON/SmartBike;https://www.ecobici.cdmx.gob.mx/;29/12/2019;https://verne.elpais.com/verne/2018/04/19/mexico/1524091790_166508.html
Huizi;México;Toluca;819561;Dock Based;27;NA;;350;Direccion General de Medio Ambiente;Ayuntamiento de Toluca;PBSC;NA;Public;No;09:00h-18:00h;Annual;Credit Card;Yes;November-2015;NA;NA;NA;;;http://www.huizitoluca.com.mx/     ;10/01/2019;https://seunonoticias.mx/2019/11/17/celebra-toluca-cuatro-anos-del-sistema-de-bicicleta-publica-huizi/#.XhOvoUdKhPY https://planamayor.com.mx/ya-estan-a-la-venta-tarjetas-para-huizi-el-sistema-de-bici-publica-en-toluca/
JUMP;México;Ciudad de México;8918653;Dockless;NA;Free-floating;NA;1900;JUMP;Secretaría de Movilidad CDMX;JUMP;NA;Private;No;05:00h - 00:30h;Payment per hour;Credit Card;Yes;August-2019;NA;NA;NA;;;https://www.jump.com/mx/es/cities/mexico-city/;29/12/2019;https://www.fayerwayer.com/2019/08/uber-jump-bicicletas/ https://expansion.mx/tecnologia/2019/08/13/uber-comienza-a-rodar-sus-bicis-electricas-en-cdmx
Mi Bici;México;Guadalajara;1495189;Dock Based;274;NA;4336;2440;BKT Bici Pública;Instituto de Movilidad y Transporte del Estado de Jalisco (IMTJ);PBSC;Bikla - BKT Bici Pública;Public;with Innovacard;06:00h-24:00h;Payment per hour or Annual;Credit Card or Debit Card;Yes;December-2014;NA;NA;NA;;JSON/GBFS-PBSCShift;https://www.mibici.net/es/;29/12/2019;https://www.milenio.com/politica/comunidad/crece-mi-bici-usuarios-aprovechan-nuevas-estaciones https://www.milenio.com/estados/presentan-modelo-sistema-bicicletas-publicas-guadalajara https://www.informador.mx/Jalisco/Pagaran-93.6-MDP-para-la-operacion-de-Bici-Publica-20140614-0104.html
Mobike;México;Aguascalientes;1184996;Dockless;NA;45;NA;200;Mobike;Municipalidad de Aguascalientes;Mobike;NA;Private;No;;Payment per hour, Monthly or Annual;Credit Card or Debit Card;Yes;October - 2019;NA;NA;NA;;;https://mobike.com/mx/;29/12/2019;https://www.liderempresarial.com/mobike-inicia-operaciones-en-aguascalientes/ https://www.urbes.mx/post/mobike-en-aguascalientes-fechas-precios-y-detalles https://www.ags.gob.mx/cont.aspx?p=6269 https://newsweekespanol.com/2019/10/llega-mobike-a-aguascalient/
Muévete Chilo;México;Mazatlán;438434;Dockless;NA;Free-floating;NA;300;VBike;Ayuntamiento de Mazatlán;VBike;NA;Private;No;06:00h-21:00h;Half an Hour, Monthly or Annual;Credit Card or Debit Card;Yes;February-2019;NA;NA;NA;http://muevetechilo.mx/datos/mazatlan/;;http://muevetechilo.mx/;10/01/2019;https://www.elsoldemazatlan.com.mx/local/muevete-chilo-sinaloa-suma-100-mil-viajes-en-mazatlan-4073019.html https://mazatleco.com/las-bicicletas-verdes-del-malecon-de-mazatlan/ https://amqueretaro.com/queretaro/2019/10/29/qrobici-ya-cuenta-con-bicicletas-electricas
Muévete Chilo;México;Los Mochis;416299;Dockless;NA;21;NA;135;Vbike;Ayuntamiento de Los Mochis;Vbike;NA;Private;No;06:00h-21:00h;Payment per hour;Credit Card or Debit Card;Yes;November-2019;NA;NA;NA;http://muevetechilo.mx/datos/los-mochis/;;http://muevetechilo.mx/;30/12/2019;https://www.debate.com.mx/losmochis/En-noviembre-se-activan-las-bicicletas-publicas-en-Los-Mochis-20191030-0093.html https://www.debate.com.mx/losmochis/Se-pierden-y-se-recuperan-tres-bicis-publicas-en-Los-Mochis-20191227-0147.html
Pachuca en Bici;México;Pachuca;267862;Dock Based;7;NA;;140;Ayuntamiento de Pachuca;Ayuntamiento de Pachuca;;NA;Public;No;Workdays: 06:30h-21:00h/Saturday: 09:00h-14:30h/Sunday: 09:00h-13:00h;Montlhy, 6 months or Annual;Credit Card, Debit Card or Cash;Yes;February-2016;NA;NA;NA;;;https://www.pachucaenbici.gob.mx/index.php;30/12/2019;https://criteriohidalgo.com/noticias/hidalgo-ujul/hoy-arranca-bici-capital-en-pachuca
QroBici;México;Querétaro;801940;Dock Based;50;NA;;450;Vetelia;Ayuntamiento de Querétaro;Serttel;NA;Public;with QroBus;24h;Half an Hour, Monthly or Annual;Credit Card;Yes;September-2016;NA;December-2019;New Technology;;HTML/Samba;https://qrobici.com.mx/;09/01/2019;https://amqueretaro.com/queretaro/2019/10/29/qrobici-ya-cuenta-con-bicicletas-electricas/ https://www.diariodequeretaro.com.mx/local/reactivan-qrobici-4583334.html https://amqueretaro.com/queretaro/2019/07/25/en-septiembre-pago-homologado-de-qrobici-y-qrobus/
Ride Vetelia;México;Querétaro;801941;Dockless;NA;70;NA;200;EMU;Ayuntamiento de Querétaro;Vetelia;NA;Private;Yes;07:00h-21:00h;Half an Hour, Monthly or Corportate;Credit Card;Yes;October-2019;NA;NA;NA;;;http://www.veteliaride.com/;09/01/2019;https://amqueretaro.com/queretaro/2019/10/29/qrobici-ya-cuenta-con-bicicletas-electricas/ https://amqueretaro.com/queretaro/2019/10/28/listas-las-primeras-200-bicicletas-electricas-queretanas/
Urban Bici;México;Puebla;1539819;Dock Based;72;NA;1092;1100;Cyclo Share de México, S.A;Secretaria de Movilidad del Ayuntamiento de Puebla;Cyclo Share;NA;Green Bike - Publicidad Alternativa;No;06:00h-24:00h;Weekly, Monthly or Annual;Credit Card or Debit Card;Yes;January-2017;NA;September-2018;Old Bici Puebla;;JSON/Puebla;https://www.urbanbici.mx/;09/01/2019;http://www.urbanopuebla.com.mx/ciudad/noticia/12117-deja-cycloshare-de-usar-marca-bicipuebla-ahora-el-sistema-se-llama-urbanbici.html https://tribunanoticias.mx/2019/11/04/comuna-de-puebla-podria-revocar-concesion-a-urban-bici/ https://intoleranciadiario.com/articles/2016/11/06/149491-programa-de-fotomultas-entrara-al-presupuesto-2017-santizo.html
Vbike;México;Heróica Vera Cruz;552156;Dockless;NA;10;NA;225;Vbike;Ayuntamiento de Veracruz;OBK sharing OS;NA;Private;No;;Hour, Daily, Monthly or Annual;Credit Card or Debit Card;Yes;June-2018;NA;NA;NA;;;http://vbike.mx/;30/12/2019;https://expansion.mx/empresas/2018/12/11/bicicletas-que-llegaron-a-conquistar-la-ciudad-de-mexico
Asu Viva;Paraguay;Asunción;522287;Dock Based;5;NA;;50;Municipalidad de Asunción;Municipalidad de Asunción;Republic Bikes -Bloom;NA;Diesa S.A;Yes;;Free;NA;No;December- 2018;NA;NA;NA;;;;10/01/2019;http://m.paraguay.com/nacionales/asuncion-habilitara-sistema-de-bicicletas-publicas-de-forma-gratuita-184615 https://www.ultimahora.com/bicicletas-publicas-asuncion-ya-estan-disponibles-n2785233.html https://www.lanacion.com.py/pais/2018/12/07/bicis-publicas-ya-estan-disponibles/
City Bike Lima;Peru;Lima;9886647;Dock Based;50;NA;;500;Moventia;Municipalidad de Lima;Smoove;NA;Public;With tarjeta Metropolitano or Metro de Lima;06:30h - 23:30h;Daily, Monthly or Annual;Credit Card;Yes;July-2019;NA;NA;NA;;;https://www.citybikelima.com/;10/01/2019;https://www.google.com/url?q=https://elcomercio.pe/lima/transporte/citybike-inauguran-primer-servicio-publico-bicicletas-miraflores-funciona-paso-paso-noticia-ecpm-655907&sa=D&sntz=1&usd=2&usg=AFQjCNEheIL899XDYR35e8qNLZHisIfC8Q
Caracas Rueda Libre;Venezuela;Caracas;1943901;Dock Based;8;NA;;50;Alcaldía de Caracas;Alcaldía de Caracas;Fanabi;NA;Public;Yes;Monday-Saturday: 8:00h-18:00h;Free;NA;No;July-2015;NA;NA;NA;;;http://www.caracas.gob.ve/alcaldiaDeCCS/caracas-rueda-libre/vive-tu-ciudad/caracas-rueda-libre/caracas-rueda-libre;10/01/2019;https://elsumario.com/caracas-comienza-a-pedalear/ http://radiomundial.com.ve/article/caracas-rueda-libre-recorri%C3%B3-los-s%C3%Admbolos http://www.minci.gob.ve/plan-caracas-rueda-libre-se-masifica-en-vacaciones/ https://www.desdelaplaza.com/raiz/urbania/prestamo-gratuito-de-bicicletas-en-caracas-como-es-la-guarandinga/
;;;;;;;;;;;;;;;;;;;;;;;;;;;
NA - Not Applicable;;;;;;;;;;;;;;;;;;;;;;;;;;;
NDA - No Data Available;;;;;;;;;;;;;;;;;;;;;;;;;;;
